<?xml version="1.0" encoding="UTF-8"?>
<project-private xmlns="http://www.netbeans.org/ns/project-private/1">
    <editor-bookmarks xmlns="http://www.netbeans.org/ns/editor-bookmarks/2" lastBookmarkId="1">
        <file>
            <url>src/vistas/NuevoChat.java</url>
            <bookmark id="1">
                <name/>
                <line>619</line>
                <key/>
            </bookmark>
        </file>
    </editor-bookmarks>
    <open-files xmlns="http://www.netbeans.org/ns/projectui-open-files/2">
        <group>
            <file>file:/C:/Users/PC/Desktop/CocoChat-main/CocoChatClient/src/cocochatclient/CocoChatClient.java</file>
            <file>file:/C:/Users/PC/Desktop/CocoChat-main/CocoChatClient/src/vistas/Register.java</file>
            <file>file:/C:/Users/PC/Desktop/CocoChat-main/CocoChatClient/src/vistas/NuevoChat.java</file>
            <file>file:/C:/Users/PC/Desktop/CocoChat-main/CocoChatClient/src/vistas/Login.java</file>
            <file>file:/C:/Users/PC/Desktop/CocoChat-main/CocoChatClient/src/vistas/OlvidarContrasena.java</file>
        </group>
    </open-files>
</project-private>
